{"cameraMode":{"drawMode":0,"name":"Shaded","section":"Shading Mode"},"sceneLighting":false,"audioPlay":false,"sceneViewState":{"m_AlwaysRefresh":true,"showFog":true,"showSkybox":false,"showFlares":true,"showImageEffects":true,"showParticleSystems":true,"showVisualEffectGraphs":true,"m_FxEnabled":true},"in2DMode":false,"pivot":{"x":7.040325164794922,"y":4.3808441162109379,"z":2.141481399536133},"rotation":{"x":-0.04337655380368233,"y":-0.9557033181190491,"z":0.23198825120925904,"w":-0.17699915170669557},"size":1.9915990829467774,"orthographic":false}