{"cameraMode":{"drawMode":0,"name":"Shaded","section":"Shading Mode"},"sceneLighting":false,"audioPlay":false,"sceneViewState":{"m_AlwaysRefresh":true,"showFog":true,"showSkybox":false,"showFlares":true,"showImageEffects":true,"showParticleSystems":true,"showVisualEffectGraphs":true,"m_FxEnabled":true},"in2DMode":false,"pivot":{"x":8.442621231079102,"y":4.972387790679932,"z":-0.9177213907241821},"rotation":{"x":0.00661827065050602,"y":-0.9904782772064209,"z":0.05176803842186928,"w":0.12825189530849458},"size":3.2346086502075197,"orthographic":false}