{"cameraMode":{"drawMode":0,"name":"Shaded","section":"Shading Mode"},"sceneLighting":false,"audioPlay":false,"sceneViewState":{"m_AlwaysRefresh":true,"showFog":true,"showSkybox":false,"showFlares":true,"showImageEffects":true,"showParticleSystems":true,"showVisualEffectGraphs":true,"m_FxEnabled":true},"in2DMode":false,"pivot":{"x":-10.04871940612793,"y":0.2984038293361664,"z":-12.449036598205567},"rotation":{"x":0.00014464992273133248,"y":0.9999489188194275,"z":0.004191214218735695,"w":-0.017155777662992479},"size":15.134918212890625,"orthographic":false}