{"cameraMode":{"drawMode":0,"name":"Shaded","section":"Shading Mode"},"sceneLighting":false,"audioPlay":false,"sceneViewState":{"m_AlwaysRefresh":true,"showFog":true,"showSkybox":false,"showFlares":true,"showImageEffects":true,"showParticleSystems":true,"showVisualEffectGraphs":true,"m_FxEnabled":true},"in2DMode":false,"pivot":{"x":2.8643596172332765,"y":24.03891372680664,"z":0.2247404009103775},"rotation":{"x":0.0041033425368368629,"y":0.9954239726066589,"z":-0.050212182104587558,"w":0.08140797168016434},"size":2.818220376968384,"orthographic":false}