{"cameraMode":{"drawMode":0,"name":"Shaded","section":"Shading Mode"},"sceneLighting":false,"audioPlay":false,"sceneViewState":{"m_AlwaysRefresh":true,"showFog":true,"showSkybox":false,"showFlares":true,"showImageEffects":true,"showParticleSystems":true,"showVisualEffectGraphs":true,"m_FxEnabled":true},"in2DMode":false,"pivot":{"x":-4.3920488357543949,"y":-2.8094213008880617,"z":-46.53429412841797},"rotation":{"x":0.002179502509534359,"y":-0.9946167469024658,"z":0.10241350531578064,"w":0.020632579922676088},"size":30.486038208007814,"orthographic":false}