{"cameraMode":{"drawMode":0,"name":"Shaded","section":"Shading Mode"},"sceneLighting":false,"audioPlay":false,"sceneViewState":{"m_AlwaysRefresh":true,"showFog":true,"showSkybox":false,"showFlares":true,"showImageEffects":true,"showParticleSystems":true,"showVisualEffectGraphs":true,"m_FxEnabled":true},"in2DMode":false,"pivot":{"x":-12.487064361572266,"y":-1.149561882019043,"z":0.048253536224365237},"rotation":{"x":0.0030064182355999948,"y":-0.006834999658167362,"z":0.00028980712522752583,"w":1.0001554489135743},"size":10.085716247558594,"orthographic":false}