{"cameraMode":{"drawMode":0,"name":"Shaded","section":"Shading Mode"},"sceneLighting":false,"audioPlay":false,"sceneViewState":{"m_AlwaysRefresh":true,"showFog":true,"showSkybox":false,"showFlares":true,"showImageEffects":true,"showParticleSystems":true,"showVisualEffectGraphs":true,"m_FxEnabled":true},"in2DMode":false,"pivot":{"x":-2.808652877807617,"y":0.2972959876060486,"z":-6.707840919494629},"rotation":{"x":0.011084703728556633,"y":-0.8593253493309021,"z":0.019249306991696359,"w":0.5113530158996582},"size":1.9915990829467774,"orthographic":false}