{"cameraMode":{"drawMode":0,"name":"Shaded","section":"Shading Mode"},"sceneLighting":false,"audioPlay":false,"sceneViewState":{"m_AlwaysRefresh":true,"showFog":true,"showSkybox":false,"showFlares":true,"showImageEffects":true,"showParticleSystems":true,"showVisualEffectGraphs":true,"m_FxEnabled":true},"in2DMode":false,"pivot":{"x":-12.101819038391114,"y":-0.5282374620437622,"z":0.5827163457870483},"rotation":{"x":-0.04215877875685692,"y":0.6676567196846008,"z":0.038321781903505328,"w":0.7425385117530823},"size":3.7613420486450197,"orthographic":false}